{"cameraMode":{"drawMode":0,"name":"Shaded","section":"Shading Mode"},"sceneLighting":true,"audioPlay":false,"sceneViewState":{"m_AlwaysRefresh":false,"showFog":true,"showSkybox":true,"showFlares":true,"showImageEffects":true,"showParticleSystems":true,"showVisualEffectGraphs":true,"m_FxEnabled":true},"in2DMode":false,"pivot":{"x":7.568126678466797,"y":20.67005157470703,"z":-132.45864868164063},"rotation":{"x":-0.06973879039287567,"y":0.05474992096424103,"z":-0.0038182574789971115,"w":-0.9960808157920837},"size":11.704117774963379,"orthographic":true}